Species,Catalog.Num,MorphoSource,Other Method,SL,Ant.MA,Post.MA,Quad.Off,Tooth.AR,Symph.Height,Ascend.Proc.Length,Premax.Length,Jaw.Length,A1.Volume,A2.Volume,A3.Volume
Clinocottus embryum,FHL,https://www.morphosource.org/media/000729214,NA,18.8,0.24,0.47,0.37,3.42,0.25,1.35,0.98,2.03,NA,NA,NA
Clinocottus embryum,FHL,https://www.morphosource.org/media/000729271,Histology,27.1,0.23,0.45,0.34,3.32,0.4,2.09,1.48,2.92,NA,NA,NA
Clinocottus embryum,OS 7071,https://www.morphosource.org/media/000729243,NA,34.43,0.23,0.43,0.37,2.34,0.5,2.42,1.75,3.31,NA,NA,NA
Clinocottus embryum,UAM 47701,https://www.morphosource.org/media/000158917,NA,36.64,0.22,0.48,0.32,2.44,0.54,2.38,1.82,3.8,NA,NA,NA
Clinocottus embryum,OS 7071,https://www.morphosource.org/media/000728968,NA,38.65,0.25,0.53,0.3,2.6,0.59,2.74,2.12,3.82,NA,NA,NA
Clinocottus embryum,UAM 47701,https://www.morphosource.org/media/000158921,NA,41.7,0.29,0.55,0.42,3.21,0.66,2.97,2.25,4.17,NA,NA,NA
Clinocottus embryum,UAM 47704,https://www.morphosource.org/media/000054700,NA,44.68,0.27,0.52,0.38,2.58,0.67,3.03,2.22,4.34,NA,NA,NA
Clinocottus embryum,OS 7071,https://www.morphosource.org/media/000729321,NA,47.63,0.27,0.54,0.31,2.71,0.78,3.46,3.06,5.18,NA,NA,NA
Clinocottus embryum,UAM 47701,https://www.morphosource.org/media/000158886,NA,52.79,0.27,0.56,0.36,2.43,0.77,3.84,3.08,5.15,NA,NA,NA
Clinocottus embryum,UAM 47701,https://www.morphosource.org/media/000054702,NA,60.36,0.27,0.52,0.38,2.57,1.08,4.28,3.45,5.98,NA,NA,NA
Clinocottus globiceps,FHL,https://www.morphosource.org/media/000729204,Feeding Trials,15.55,0.25,0.49,0.33,3.31,0.3,1.02,1.05,1.93,NA,NA,NA
Clinocottus globiceps,SIO 15-2017,https://www.morphosource.org/media/000729545,NA,26.78,0.29,0.58,0.33,2.78,0.58,1.73,1.81,2.96,NA,NA,NA
Clinocottus globiceps,FHL,https://www.morphosource.org/media/000729421,Histology,27.7,0.27,0.64,0.35,3.31,0.64,2.08,2.49,3.31,NA,NA,NA
Clinocottus globiceps,FHL,https://www.morphosource.org/media/000729070,SEM,33.6,0.27,0.49,0.47,3.5,0.65,2.25,2.78,3.71,NA,NA,NA
Clinocottus globiceps,FHL,https://www.morphosource.org/media/000729066,NA,36.28,0.26,0.53,0.39,2.87,0.78,2.51,3.23,4.18,NA,NA,NA
Clinocottus globiceps,SIO 15-2017,https://www.morphosource.org/media/000729584,NA,40.55,0.33,0.79,0.35,2.76,0.93,3.18,3.58,4.54,NA,NA,NA
Clinocottus globiceps,SIO 15-2017,https://www.morphosource.org/media/000729604,NA,43.12,0.31,0.71,0.37,2.88,1.05,3.25,3.85,4.77,NA,NA,NA
Clinocottus globiceps,OS 6639,https://www.morphosource.org/media/000729810,NA,47.88,0.31,0.63,0.42,3.28,1,3.73,4.2,5.09,NA,NA,NA
Clinocottus globiceps,OS 275,https://www.morphosource.org/media/000054118,NA,52.38,0.27,0.59,0.4,3.35,1.04,3.72,4.52,5.57,NA,NA,NA
Clinocottus globiceps,OS 3210,https://www.morphosource.org/media/000728980,NA,61.82,0.33,0.66,0.43,2.65,1.54,4.94,5.73,6.72,NA,NA,NA
Clinocottus globiceps,OS 275,https://www.morphosource.org/media/000054157,NA,65.94,0.29,0.59,0.44,3.69,1.43,4.74,5.64,6.68,NA,NA,NA
Clinocottus globiceps,OS 2795,https://www.morphosource.org/media/000729490,NA,71.99,0.29,0.66,0.41,2.98,1.53,5.19,6.4,7.33,NA,NA,NA
Clinocottus globiceps,OS 2795,https://www.morphosource.org/media/000054334,NA,79.43,0.31,0.67,0.45,2.88,2.03,6.11,7.47,8.49,NA,NA,NA
Clinocottus globiceps,OS 2795,https://www.morphosource.org/media/000729526,NA,84.5,0.32,0.71,0.46,3.25,2.14,5.95,7.86,8.69,NA,NA,NA
Clinocottus globiceps,OS 2795,https://www.morphosource.org/media/000053269,NA,90.4,0.32,0.67,0.46,3.47,2.15,6.57,8.37,9.56,NA,NA,NA
Clinocottus globiceps,FHL,https://www.morphosource.org/media/000728994,NA,104.7,0.33,0.7,0.48,3.42,2.57,7.15,9.53,10.34,NA,NA,NA
Clinocottus globiceps,OS 6554,https://www.morphosource.org/media/000054248,NA,116.14,0.32,0.7,0.43,3.29,2.76,8.01,10.29,11.62,NA,NA,NA
Clinocottus recalvus,SIO 15-1725,https://www.morphosource.org/media/000729788,Histology,27.65,0.3,0.58,0.45,3.02,0.56,1.96,2.17,3.08,NA,NA,NA
Clinocottus recalvus,SIO 15-1725,https://www.morphosource.org/media/000729031,SEM,39.94,0.3,0.64,0.44,2.97,0.96,2.61,3.32,4.27,NA,NA,NA
Clinocottus recalvus,SIO 15-1725,https://www.morphosource.org/media/000729035,NA,43.35,0.32,0.7,0.39,2.93,1,3.09,3.86,4.8,NA,NA,NA
Clinocottus recalvus,SIO 15-1725,https://www.morphosource.org/media/000729039,NA,46.28,0.3,0.63,0.44,3.08,1.09,3.07,3.81,4.98,NA,NA,NA
Clinocottus recalvus,SIO 51-249,https://www.morphosource.org/media/000054623,NA,47.39,0.27,0.58,0.4,3,1.12,3.3,4.06,5.1,NA,NA,NA
Clinocottus recalvus,SIO 51-249,https://www.morphosource.org/media/000054621,NA,49.52,0.33,0.66,0.47,3.55,1.22,3.23,4.51,5.3,NA,NA,NA
Clinocottus recalvus,SIO 51-249,https://www.morphosource.org/media/000054622,NA,51.58,0.33,0.67,0.44,2.98,1.16,3.42,4.37,5.4,NA,NA,NA
Clinocottus recalvus,SIO 51-249,https://www.morphosource.org/media/000054593,NA,58.2,0.31,0.63,0.45,3.69,1.41,3.9,5.22,6.2,NA,NA,NA
Clinocottus recalvus,SIO 51-249,https://www.morphosource.org/media/000054594,NA,56.95,0.31,0.66,0.43,3.02,1.53,3.83,5.33,6.29,NA,NA,NA
Clinocottus recalvus,SIO 51-249,https://www.morphosource.org/media/000054595,NA,60.28,0.31,0.66,0.42,2.8,1.41,3.69,5.89,6.7,NA,NA,NA
Clinocottus recalvus,OS 8134,https://www.morphosource.org/media/000054292,NA,68.58,0.31,0.67,0.43,2.61,1.71,4.41,6.3,7.25,NA,NA,NA
Clinocottus recalvus,OS 8134,https://www.morphosource.org/media/000054293,NA,77.64,0.29,0.66,0.44,3.09,1.93,4.55,7.56,8.32,NA,NA,NA
Clinocottus recalvus,OS 8134,https://www.morphosource.org/media/000054590,NA,87.1,0.3,0.64,0.44,3.17,2.02,5.42,7.91,8.77,NA,NA,NA
Oligocottus maculosus,FHL,https://www.morphosource.org/media/000729209,NA,18.63,0.21,0.39,0.27,3.08,0.19,1.25,1.03,2.53,NA,NA,NA
Oligocottus maculosus,FHL,https://www.morphosource.org/media/000729680,Histology,26.4,0.19,0.37,0.28,2.92,0.3,1.76,1.61,3.48,NA,NA,NA
Oligocottus maculosus,FHL,https://www.morphosource.org/media/000729340,NA,36.82,0.22,0.44,0.29,2.64,0.46,2.56,2.31,5.07,NA,NA,NA
Oligocottus maculosus,FHL,https://www.morphosource.org/media/000729400,SEM,37.74,0.23,0.49,0.31,2.45,0.39,2.43,2.07,5.12,NA,NA,NA
Oligocottus maculosus,OS 287,https://www.morphosource.org/media/000054264,NA,41.94,0.23,0.49,0.29,2.88,0.6,2.64,2.51,5.59,NA,NA,NA
Oligocottus maculosus,OS 287,https://www.morphosource.org/media/000054262,NA,43.5,0.2,0.39,0.25,2.23,0.62,2.94,2.82,5.86,NA,NA,NA
Oligocottus maculosus,OS 287,https://www.morphosource.org/media/000054258,NA,51.36,0.24,0.48,0.32,2.05,0.79,3.14,3.2,6.79,NA,NA,NA
Oligocottus maculosus,OS 287,https://www.morphosource.org/media/000054257,NA,58.9,0.19,0.47,0.27,2.33,1.03,4.28,3.99,8.04,NA,NA,NA
Oligocottus maculosus,OS 7467,https://www.morphosource.org/media/000054273,NA,67.5,0.19,0.45,0.28,2,1.02,4.55,5.03,9.77,NA,NA,NA
Oligocottus maculosus,OS 7467,https://www.morphosource.org/media/000054276,NA,71.06,0.22,0.48,0.24,2.55,1.25,4.48,5.43,10.41,NA,NA,NA
Oligocottus maculosus,OS 7467,https://www.morphosource.org/media/000054270,NA,70.53,0.21,0.47,0.3,2.53,1.28,5.07,5.42,10.29,NA,NA,NA
Orthonopias triacis,SIO 15-1708,https://www.morphosource.org/media/000729889,Histology,25.34,0.22,0.41,0.36,2.59,0.3,1.93,1.56,3.34,NA,NA,NA
Orthonopias triacis,OS 8137,https://www.morphosource.org/media/000728972,NA,38.2,0.25,0.43,0.46,2.95,0.32,2.84,2.19,4.67,NA,NA,NA
Orthonopias triacis,SIO 15-1708,https://www.morphosource.org/media/000729910,NA,42.15,0.21,0.4,0.38,2.72,0.46,2.92,2.4,5.03,NA,NA,NA
Orthonopias triacis,SIO 15-1708,https://www.morphosource.org/media/000729911,SEM,45.1,0.24,0.42,0.37,2.67,0.57,3.14,2.57,5.34,NA,NA,NA
Orthonopias triacis,SIO 51-249,https://www.morphosource.org/media/000054329,NA,51,0.24,0.42,0.42,2.15,0.54,3.45,2.92,5.81,NA,NA,NA
Orthonopias triacis,SIO 51-249,https://www.morphosource.org/media/000054328,NA,47.79,0.23,0.38,0.43,2.64,0.59,3.46,2.99,5.68,NA,NA,NA
Orthonopias triacis,SIO 51-249,https://www.morphosource.org/media/000054330,NA,51.79,0.24,0.43,0.36,3.04,0.64,3.42,2.96,5.68,NA,NA,NA
Orthonopias triacis,OS 8137,https://www.morphosource.org/media/000729901,NA,59.56,0.22,0.38,0.43,2.58,0.83,4.36,3.3,6.64,NA,NA,NA
Orthonopias triacis,OS 8137,https://www.morphosource.org/media/000054285,NA,64.42,0.26,0.46,0.4,2.11,0.98,4.48,3.7,6.95,NA,NA,NA
Orthonopias triacis,SIO 51-249,https://www.morphosource.org/media/000054299,NA,65.96,0.26,0.46,0.37,2.57,0.75,4.56,3.92,7.27,NA,NA,NA
Orthonopias triacis,OS 8137,https://www.morphosource.org/media/000729916,NA,70.15,0.24,0.43,0.41,2.34,1.06,5.01,4.05,7.61,NA,NA,NA
Clinocottus embryum,FHL,https://www.morphosource.org/media/000728304/edit,NA,37.23,NA,NA,NA,NA,NA,NA,NA,NA,1.77,2.53,1.29
Clinocottus globiceps,FHL,https://www.morphosource.org/media/000726051,NA,34.56,NA,NA,NA,NA,NA,NA,NA,NA,2.03,3.36,1.97
Clinocottus recalvus,SIO 15-1725,https://www.morphosource.org/media/000726253,NA,38.85,NA,NA,NA,NA,NA,NA,NA,NA,2.25,3.82,1.92
Oligocottus maculosus,FHL,https://www.morphosource.org/media/000728299,NA,34.5,NA,NA,NA,NA,NA,NA,NA,NA,1.26,1.66,1.02
Orthonopias triacis,SIO 15-1708,https://www.morphosource.org/media/000726323,NA,41.47,NA,NA,NA,NA,NA,NA,NA,NA,0.97,1.97,0.95